date,clinical_cases,wastewater_viral_load
2020-01-01,0.0,0.0
2020-01-02,0.0,0.0
2020-01-03,0.0,0.0
2020-01-04,0.0,0.0
2020-01-05,0.0,0.0
2020-01-06,0.0,0.0
2020-01-07,0.0,0.0
2020-01-08,0.0,0.0
2020-01-09,0.0,0.0
2020-01-10,0.0,0.0
2020-01-11,0.0,0.0
2020-01-12,0.0,0.0
2020-01-13,0.0,0.0
2020-01-14,0.0,0.0
2020-01-15,0.0,0.0
2020-01-16,0.0,0.0
2020-01-17,0.0,0.0
2020-01-18,0.0,0.0
2020-01-19,0.0,0.0
2020-01-20,0.0,0.0
2020-01-21,0.0,0.0
2020-01-22,0.0,0.44372617781758916
2020-01-23,0.0,1.9060476396560997
2020-01-24,0.0,1.9060476396560997
2020-01-25,0.0,1.4623214618385105
2020-01-26,0.0,0.3598268202170509
2020-01-27,0.0,2.3536310576774793
2020-01-28,0.0,2.3536310576774793
2020-01-29,0.0,1.9938042374604283
2020-01-30,1.0,0.0
2020-01-31,4.0,0.0
2020-02-01,0.0,0.0
2020-02-02,0.0,0.0
2020-02-03,1.0,0.0
2020-02-04,4.0,0.0
2020-02-05,0.0,0.0
2020-02-06,0.0,0.0
2020-02-07,0.0,0.0
2020-02-08,0.0,0.0
2020-02-09,0.0,0.0
2020-02-10,0.0,0.0
2020-02-11,0.0,0.0
2020-02-12,0.0,0.0
2020-02-13,0.0,0.0
2020-02-14,0.0,0.0
2020-02-15,0.0,0.0
2020-02-16,0.0,0.0
2020-02-17,0.0,0.0
2020-02-18,0.0,0.0
2020-02-19,0.0,0.0
2020-02-20,0.0,0.0
2020-02-21,0.0,0.0
2020-02-22,0.0,0.0
2020-02-23,0.0,0.0
2020-02-24,0.0,2.159280874189299
2020-02-25,0.0,10.55115159696305
2020-02-26,0.0,10.968849693207396
2020-02-27,0.0,9.7661342074846
2020-02-28,0.0,2.98036291317606
2020-02-29,0.0,4.762671531488942
2020-03-01,0.0,6.1158204014647986
2020-03-02,0.0,6.891106087284688
2020-03-03,4.0,8.693680376869557
2020-03-04,19.0,13.705516467621381
2020-03-05,1.0,16.0579095183738
2020-03-06,2.0,13.431093321659977
2020-03-07,3.0,19.79553591966462
2020-03-08,5.0,18.642400643305628
2020-03-09,5.0,27.881704136546727
2020-03-10,6.0,21.60927287677721
2020-03-11,10.0,32.04788459138032
2020-03-12,13.0,47.977686793525805
2020-03-13,8.0,80.90230736216776
2020-03-14,3.0,95.76905686516074
2020-03-15,23.0,114.74679917991948
2020-03-16,7.0,121.65023238200355
2020-03-17,23.0,138.27237116932437
2020-03-18,14.0,115.86481190905647
2020-03-19,22.0,96.80051345162845
2020-03-20,50.0,153.0977170714863
2020-03-21,60.0,170.1309879353067
2020-03-22,77.0,204.4426391880414
2020-03-23,74.0,196.75062992741564
2020-03-24,85.0,355.8907257727351
2020-03-25,87.0,470.6188769642615
2020-03-26,43.0,602.3702778812184
2020-03-27,75.0,785.2791639710618
2020-03-28,185.0,866.5267013809417
2020-03-29,70.0,1096.8159391233928
2020-03-30,92.0,926.2426950166767
2020-03-31,180.0,1272.951224215489
2020-04-01,386.0,1134.4432332409353
2020-04-02,328.0,1235.0126981319256
2020-04-03,336.0,1233.183218445334
2020-04-04,601.0,1348.0380968621507
2020-04-05,472.0,1546.6977129900367
2020-04-06,693.0,1732.8254179756811
2020-04-07,354.0,1970.6285121705835
2020-04-08,853.0,2020.1173586790865
2020-04-09,591.0,1716.9141240254614
2020-04-10,547.0,1620.2985573155372
2020-04-11,1035.0,1854.0410552357905
2020-04-12,909.0,2228.328717360053
2020-04-13,796.0,2473.9502949157686
2020-04-14,1211.0,2607.1546581021826
2020-04-15,1076.0,2901.3493355669816
2020-04-16,941.0,3183.4928105611375
2020-04-17,1007.0,3195.036501291113
2020-04-18,991.0,3302.677731630887
2020-04-19,1334.0,2817.6361409755104
2020-04-20,1553.0,2852.640632484124
2020-04-21,1336.0,2816.5335390106934
2020-04-22,1383.0,3642.018235918589
2020-04-23,1409.0,3908.835010797136
2020-04-24,1684.0,4235.355279784305
2020-04-25,1429.0,4505.496149821591
2020-04-26,1990.0,4620.1330846034425
2020-04-27,1396.0,6124.266658788714
2020-04-28,1543.0,6578.941295095844
2020-04-29,1897.0,7870.935737974389
2020-04-30,1718.0,6729.809408167793
2020-05-01,1993.0,7234.8535600575815
2020-05-02,2293.0,6270.6984246636885
2020-05-03,2644.0,7422.584300609407
2020-05-04,2553.0,7889.773818437025
2020-05-05,3900.0,8173.112939240072
2020-05-06,2958.0,7351.127521569906
2020-05-07,3561.0,6889.317738037163
2020-05-08,3390.0,7351.924149973281
2020-05-09,3320.0,7644.399456856612
2020-05-10,3277.0,8537.171176071332
2020-05-11,4213.0,8891.279224829115
2020-05-12,3604.0,10429.775201870603
2020-05-13,3525.0,10104.588036938227
2020-05-14,3722.0,12468.239754332191
2020-05-15,3967.0,12370.45429550494
2020-05-16,3970.0,13509.585981694807
2020-05-17,4987.0,13743.901078824974
2020-05-18,5242.0,13357.941254427082
2020-05-19,4970.0,13475.825524160793
2020-05-20,5611.0,13493.884259089495
2020-05-21,5609.0,13733.090509436604
2020-05-22,6088.0,14869.866846362735
2020-05-23,6654.0,15487.437131286264
2020-05-24,6767.0,18158.767012499742
2020-05-25,6977.0,17057.7896076839
2020-05-26,6535.0,15929.602372818388
2020-05-27,6387.0,16408.37658691898
2020-05-28,6566.0,19041.322239963603
2020-05-29,7466.0,21300.277155018648
2020-05-30,7964.0,21634.42479150654
2020-05-31,8380.0,20668.084767503664
2020-06-01,8392.0,20724.013030728664
2020-06-02,8171.0,20676.256594624898
2020-06-03,8909.0,20647.341740308402
2020-06-04,9304.0,23367.636099138093
2020-06-05,9851.0,24726.682792624222
2020-06-06,9887.0,25362.017906852463
2020-06-07,9971.0,24333.624362321614
2020-06-08,9983.0,22013.861190532716
2020-06-09,9987.0,23828.95190532562
2020-06-10,9985.0,25674.359915033176
2020-06-11,9996.0,27729.430673536976
2020-06-12,10956.0,30961.676876095957
2020-06-13,11458.0,31894.254931515112
2020-06-14,11929.0,35415.32108720427
2020-06-15,11502.0,37347.00878015687
2020-06-16,10667.0,36608.94700858675
2020-06-17,10974.0,35383.047386789396
2020-06-18,12881.0,32236.30192180413
2020-06-19,13586.0,32910.29432671466
2020-06-20,14516.0,36414.892422081
2020-06-21,15413.0,40524.144537648215
2020-06-22,14821.0,42786.73285293066
2020-06-23,14933.0,43764.51682323358
2020-06-24,15968.0,42804.7446508176
2020-06-25,16922.0,47497.19183340042
2020-06-26,17296.0,48179.99932706749
2020-06-27,18552.0,58224.72843842224
2020-06-28,19906.0,59039.5483548957
2020-06-29,19459.0,57163.78227026991
2020-06-30,18522.0,47052.56967533603
2020-07-01,18653.0,47172.140611266725
2020-07-02,19148.0,51909.14123023993
2020-07-03,20903.0,60251.598312215334
2020-07-04,22771.0,63324.66858818518
2020-07-05,24850.0,65451.52378309462
2020-07-06,24248.0,61502.02716590735
2020-07-07,22252.0,55418.99898832993
2020-07-08,22752.0,57052.140756933724
2020-07-09,24879.0,68332.00014197292
2020-07-10,26506.0,78554.28731529483
2020-07-11,27114.0,79426.18192009088
2020-07-12,28637.0,81015.72611500898
2020-07-13,28701.0,83584.88729598063
2020-07-14,28498.0,84429.1109957068
2020-07-15,29429.0,88599.09190853404
2020-07-16,32695.0,96821.8202769381
2020-07-17,34956.0,102907.94942355681
2020-07-18,34884.0,106466.4709925673
2020-07-19,38902.0,109949.7928682646
2020-07-20,40425.0,121740.59627164365
2020-07-21,37148.0,125641.7860631271
2020-07-22,37724.0,115546.95333451648
2020-07-23,45720.0,109106.23155698186
2020-07-24,49310.0,113376.74492922111
2020-07-25,48916.0,127313.68043165158
2020-07-26,48661.0,135038.25178568545
2020-07-27,49931.0,139958.40930466572
2020-07-28,47703.0,138404.55368809268
2020-07-29,48513.0,145448.542950545
2020-07-30,52123.0,148525.6519190045
2020-07-31,55078.0,156967.01749051816
2020-08-01,57118.0,153348.24164224768
2020-08-02,54735.0,151449.30487780363
2020-08-03,52972.0,135375.67259368373
2020-08-04,52050.0,133332.88363985272
2020-08-05,52509.0,127707.1477088945
2020-08-06,56282.0,142010.5620844477
2020-08-07,62538.0,162730.01449711618
2020-08-08,61537.0,149685.44525353887
2020-08-09,64399.0,148565.47398827688
2020-08-10,62064.0,114349.90329078503
2020-08-11,53601.0,125668.23070414858
2020-08-12,60963.0,139445.17235177057
2020-08-13,66999.0,161572.34586648078
2020-08-14,64553.0,160469.05603100537
2020-08-15,65002.0,144978.33664249541
2020-08-16,63490.0,143454.27868189616
2020-08-17,57981.0,140039.3083995242
2020-08-18,55079.0,146076.40930042617
2020-08-19,64531.0,153019.55400262843
2020-08-20,69652.0,165360.1536800708
2020-08-21,68898.0,189806.79354626025
2020-08-22,69878.0,197897.51840677718
2020-08-23,69239.0,186084.6707869199
2020-08-24,61408.0,163688.6226622915
2020-08-25,60975.0,150997.32539229692
2020-08-26,67151.0,183015.64936837842
2020-08-27,75760.0,184271.86806349733
2020-08-28,77266.0,195901.0021991129
2020-08-29,76472.0,198264.23160377415
2020-08-30,78761.0,222012.52729550397
2020-08-31,78512.0,203622.0098319213
2020-09-01,69921.0,193590.6719364047
2020-09-02,78357.0,182401.2170557479
2020-09-03,83883.0,202536.6836011488
2020-09-04,83341.0,233913.49648444963
2020-09-05,86432.0,243061.09623416173
2020-09-06,90632.0,232977.65968195908
2020-09-07,90802.0,209873.28194380386
2020-09-08,75809.0,223912.3587980886
2020-09-09,89706.0,255280.47379247355
2020-09-10,95735.0,238288.90935816264
2020-09-11,96551.0,213182.39240430327
2020-09-12,97570.0,210831.8572127464
2020-09-13,94372.0,213485.61000329463
2020-09-14,92071.0,208224.89199052987
2020-09-15,83809.0,194136.90250653122
2020-09-16,90123.0,191508.6151312856
2020-09-17,97894.0,195732.965592837
2020-09-18,96424.0,168826.6414247564
2020-09-19,93337.0,169235.40192189833
2020-09-20,92605.0,164180.68970737586
2020-09-21,86961.0,162283.97376645022
2020-09-22,75083.0,182795.42836940443
2020-09-23,83347.0,174027.2770845364
2020-09-24,86508.0,189071.25483265068
2020-09-25,86052.0,173457.3023908378
2020-09-26,85362.0,192934.77224730304
2020-09-27,88600.0,178713.77952886387
2020-09-28,82170.0,171370.80273593016
2020-09-29,70589.0,155085.5971586959
2020-09-30,80472.0,161936.44223357106
2020-10-01,86821.0,164702.42885668666
2020-10-02,81484.0,167367.1828811293
2020-10-03,79476.0,167948.21508500175
2020-10-04,75829.0,161538.36037343022
2020-10-05,74442.0,142853.22479675015
2020-10-06,61267.0,140367.2954530557
2020-10-07,72049.0,146009.72266766144
2020-10-08,78524.0,167111.97070336863
2020-10-09,70496.0,156004.30041987923
2020-10-10,73272.0,160860.19872052592
2020-10-11,74383.0,129717.38575325656
2020-10-12,66732.0,125815.75268960354
2020-10-13,55342.0,108413.75026795741
2020-10-14,63509.0,123267.99157426192
2020-10-15,67708.0,126082.40412256525
2020-10-16,63371.0,120424.62851891895
2020-10-17,62212.0,111083.67331124081
2020-10-18,61871.0,104677.40194518967
2020-10-19,55722.0,96326.53015018495
2020-10-20,46790.0,96185.81128696766
2020-10-21,54044.0,98967.59263178533
2020-10-22,55839.0,110106.1879717335
2020-10-23,54366.0,113465.50666043504
2020-10-24,53370.0,119785.95363845606
2020-10-25,50129.0,115254.22011849814
2020-10-26,45148.0,101955.01948008106
2020-10-27,36470.0,93802.20586668632
2020-10-28,43893.0,98832.00482590275
2020-10-29,49881.0,113325.72310732883
2020-10-30,48648.0,119503.1385498089
2020-10-31,48268.0,112082.85071414484
2020-11-01,46963.0,114228.46396545565
2020-11-02,45231.0,102054.94566590716
2020-11-03,38310.0,103189.65469852595
2020-11-04,46253.0,96654.70363040165
2020-11-05,50210.0,103473.65243336586
2020-11-06,47638.0,106746.97200633648
2020-11-07,50356.0,106539.1857570127
2020-11-08,45674.0,99394.62378561111
2020-11-09,45903.0,85893.4248988352
2020-11-10,38073.0,80042.2818503753
2020-11-11,44281.0,92573.08050650603
2020-11-12,47905.0,99514.61405860301
2020-11-13,44879.0,107175.23944788992
2020-11-14,44684.0,102507.15542087011
2020-11-15,41100.0,103257.49367817833
2020-11-16,30548.0,97653.7674760195
2020-11-17,29163.0,93419.24516168803
2020-11-18,38617.0,103832.73501974076
2020-11-19,45576.0,100091.1409863743
2020-11-20,45882.0,96090.4227785616
2020-11-21,46232.0,89128.68021753804
2020-11-22,45209.0,94449.59199885394
2020-11-23,44059.0,94632.19047449743
2020-11-24,37975.0,87531.74876554323
2020-11-25,44376.0,81357.72645862521
2020-11-26,44489.0,79526.62941558659
2020-11-27,43082.0,77193.22700523898
2020-11-28,41322.0,74760.39362820818
2020-11-29,41810.0,79530.83514431537
2020-11-30,38772.0,70952.97642861556
2020-12-01,31118.0,67674.7203975814
2020-12-02,36604.0,61614.73949553114
2020-12-03,35551.0,65648.01611269749
2020-12-04,36595.0,65156.67258890687
2020-12-05,36652.0,62479.47808380983
2020-12-06,36011.0,60043.035166118534
2020-12-07,32981.0,56528.90304510507
2020-12-08,26567.0,54885.366397403595
2020-12-09,32080.0,50488.31387073809
2020-12-10,31521.0,51106.41586559162
2020-12-11,29398.0,47544.065989656585
2020-12-12,30006.0,46548.909165208905
2020-12-13,30254.0,45047.45505683486
2020-12-14,27071.0,44474.50205197158
2020-12-15,22065.0,47570.008318667824
2020-12-16,26382.0,54056.77849471764
2020-12-17,24010.0,59461.30958072981
2020-12-18,22890.0,56923.9929631145
2020-12-19,25152.0,48139.94315437862
2020-12-20,26624.0,41291.16485841594
2020-12-21,24337.0,37252.95756444413
2020-12-22,19556.0,37993.1857596692
2020-12-23,23950.0,42430.52043508441
2020-12-24,24712.0,43302.71671103953
2020-12-25,23067.0,43988.24702227093
2020-12-26,22273.0,43590.761506793824
2020-12-27,18732.0,42605.04444661063
2020-12-28,20021.0,40188.37927665331
2020-12-29,16432.0,38371.25693205957
2020-12-30,20549.0,40541.3001366076
2020-12-31,21822.0,41585.09605965231
2021-01-01,20035.0,40299.060570626505
2021-01-02,19079.0,40145.63745130294
2021-01-03,18177.0,36902.07186071795
2021-01-04,16504.0,32702.142384657647
2021-01-05,16375.0,31379.705806665657
2021-01-06,18088.0,36048.69083588649
2021-01-07,20346.0,39930.175311429426
2021-01-08,18139.0,41847.036511914754
2021-01-09,18222.0,36421.27218872554
2021-01-10,18645.0,34741.266425660266
2021-01-11,16311.0,27763.874785719792
2021-01-12,12584.0,31177.625066663448
2021-01-13,15968.0,29529.17146314576
2021-01-14,16946.0,31274.60075615963
2021-01-15,15590.0,27544.78875848527
2021-01-16,15158.0,25346.637512558173
2021-01-17,15144.0,24939.51268601014
2021-01-18,13788.0,21345.449668729856
2021-01-19,10064.0,23245.772682735867
2021-01-20,13823.0,23321.246973883488
2021-01-21,15223.0,35339.73713992915
2021-01-22,14545.0,36805.436735315096
2021-01-23,14256.0,36553.53754435248
2021-01-24,14849.0,25858.66028332419
2021-01-25,13203.0,21673.456681249514
2021-01-26,9102.0,19426.745000481635
2021-01-27,12689.0,24280.409531135418
2021-01-28,11666.0,28208.581810839154
2021-01-29,18855.0,29694.936482646513
2021-01-30,13083.0,24166.071579630992
2021-01-31,13052.0,23891.094227634367
2021-02-01,11427.0,22477.80940204869
2021-02-02,8635.0,25532.73164849471
2021-02-03,11039.0,22287.850972430624
2021-02-04,12899.0,21938.52036758971
2021-02-05,12408.0,21221.984552753936
2021-02-06,11713.0,23019.1820381951
2021-02-07,12059.0,24762.644592076493
2021-02-08,11831.0,23162.330560765404
2021-02-09,9110.0,21305.616767164753
2021-02-10,11067.0,22589.5435669776
2021-02-11,12923.0,25135.55017585358
2021-02-12,9309.0,29064.878869883658
2021-02-13,12143.0,31429.668392612995
2021-02-14,12194.0,30226.7639456092
2021-02-15,11649.0,25133.27014234327
2021-02-16,9121.0,25574.043393105752
2021-02-17,11610.0,29869.383284784777
2021-02-18,12881.0,34696.83958277385
2021-02-19,13193.0,37670.5404888117
2021-02-20,13993.0,37272.774374316854
2021-02-21,14264.0,39922.82564675596
2021-02-22,14199.0,33999.13381473391
2021-02-23,10584.0,35838.645168005554
2021-02-24,13742.0,38665.767019709
2021-02-25,16738.0,41491.1114053124
2021-02-26,16577.0,42635.63467652632
2021-02-27,16488.0,41521.887381887
2021-02-28,16752.0,46208.61284959294
2021-03-01,15510.0,40329.58501437985
2021-03-02,12286.0,39756.67314621059
2021-03-03,14989.0,42862.45295051038
2021-03-04,17407.0,45832.11714509985
2021-03-05,16838.0,46362.14839977654
2021-03-06,18327.0,39706.064124292934
2021-03-07,18711.0,45838.57763878283
2021-03-08,18599.0,50921.30012641597
2021-03-09,15388.0,64483.20809352319
2021-03-10,17921.0,73014.24099155799
2021-03-11,22854.0,90428.86168784589
2021-03-12,23285.0,88144.42593346396
2021-03-13,24882.0,85325.59760263201
2021-03-14,25320.0,83056.81657704867
2021-03-15,26291.0,91321.13866887591
2021-03-16,24492.0,102582.36185908855
2021-03-17,28903.0,95418.66239000975
2021-03-18,35871.0,107514.48139965202
2021-03-19,39726.0,109922.76667143767
2021-03-20,40953.0,134990.88104808392
2021-03-21,43846.0,145767.81492651833
2021-03-22,46951.0,144351.77765243998
2021-03-23,40715.0,128658.37396825106
2021-03-24,47262.0,119886.8255101579
2021-03-25,53476.0,145870.04878281953
2021-03-26,59118.0,188303.6311852232
2021-03-27,62258.0,203300.62599101846
2021-03-28,62714.0,228402.55658077527
2021-03-29,68020.0,218071.8164021313
2021-03-30,56211.0,236433.69940029495
2021-03-31,53480.0,247482.06448422596
2021-04-01,72330.0,265688.9873360374
2021-04-02,81466.0,291586.49002516107
2021-04-03,89129.0,292130.3184369305
2021-04-04,93249.0,382179.91958834976
2021-04-05,103558.0,406657.6187486686
2021-04-06,96982.0,439737.32134154654
2021-04-07,115736.0,429938.2759031893
2021-04-08,126789.0,473168.1198753177
2021-04-09,131968.0,525633.0787353612
2021-04-10,145384.0,592863.4091843051
2021-04-11,152879.0,671284.9296688304
2021-04-12,168912.0,681233.4472116648
2021-04-13,161736.0,667401.1437935546
2021-04-14,184372.0,664735.2325592386
2021-04-15,200739.0,659912.8533523794
2021-04-16,217353.0,658544.5565877587
2021-04-17,234692.0,763028.6587191612
2021-04-18,261500.0,943358.6440217029
2021-04-19,273810.0,980622.6773790583
2021-04-20,259170.0,954934.9733107728
2021-04-21,295041.0,916957.3937292149
2021-04-22,314835.0,1085119.8626978842
2021-04-23,332730.0,1153309.2890639727
2021-04-24,346786.0,1142771.9640311433
2021-04-25,349691.0,978348.049885555
2021-04-26,352991.0,804837.5188491506
2021-04-27,323144.0,812757.5526973958
2021-04-28,360960.0,856430.5936968493
2021-04-29,379257.0,903771.12783376
2021-04-30,386452.0,875905.8406150602
2021-05-01,401993.0,852115.1933878497
2021-05-02,392488.0,968834.4603178571
2021-05-03,368147.0,978805.981014144
2021-05-04,357229.0,987320.899191705
2021-05-05,382315.0,973552.3843915984
2021-05-06,412262.0,950434.2280023397
2021-05-07,414188.0,894833.6503107212
2021-05-08,401078.0,841166.3043763071
2021-05-09,403738.0,803777.8356196014
2021-05-10,366161.0,751021.9316328279
2021-05-11,329942.0,644544.1851037621
2021-05-12,348421.0,589143.7594649419
2021-05-13,362727.0,574823.4253668343
2021-05-14,343144.0,603582.7835326653
2021-05-15,326098.0,663916.8552496567
2021-05-16,311170.0,638484.8878531753
2021-05-17,281386.0,569772.4893270893
2021-05-18,263533.0,465743.21796249534
2021-05-19,267334.0,482808.483354751
2021-05-20,276110.0,446219.36823666986
2021-05-21,259551.0,414852.858634763
2021-05-22,257299.0,390276.8259692162
2021-05-23,240842.0,360055.89955612086
2021-05-24,222315.0,344551.76813699794
2021-05-25,196427.0,315305.9925468777
2021-05-26,208921.0,311689.6548652299
2021-05-27,211298.0,296497.0513255973
2021-05-28,186364.0,278550.14657978876
2021-05-29,173790.0,276959.4005056454
2021-05-30,165553.0,271893.01477704966
2021-05-31,152734.0,242278.6971785544
2021-06-01,127510.0,214718.59231045822
2021-06-02,132788.0,211803.2371363977
2021-06-03,134154.0,207712.07974761128
2021-06-04,132364.0,205449.7392706311
2021-06-05,120529.0,179499.17093938275
2021-06-06,114460.0,185718.87052438714
2021-06-07,100636.0,155358.69364774847
2021-06-08,86498.0,133471.52460044378
2021-06-09,92596.0,112922.07520446084
2021-06-10,94052.0,120408.67253541511
2021-06-11,91702.0,134512.44281872024
2021-06-12,84332.0,134270.12336369578
2021-06-13,80834.0,130613.54685205163
2021-06-14,70421.0,106063.57984828042
2021-06-15,60471.0,105944.26332923198
2021-06-16,62224.0,94758.12919103308
2021-06-17,67208.0,106180.02079166348
2021-06-18,62480.0,105151.087018517
2021-06-19,60753.0,104627.50445511779
2021-06-20,58419.0,102162.4649290052
2021-06-21,53256.0,97581.9309004961
2021-06-22,42640.0,96319.23680855885
2021-06-23,50848.0,105350.5695755451
2021-06-24,54069.0,101807.68558750366
2021-06-25,51667.0,106250.69924370752
2021-06-26,48698.0,104250.50298713481
2021-06-27,50040.0,95825.48457558634
2021-06-28,46148.0,82485.16232740616
2021-06-29,37566.0,78632.22848286373
2021-06-30,45951.0,91589.74491739341
2021-07-01,48786.0,103503.41038227163
2021-07-02,46617.0,96722.09138800747
2021-07-03,44111.0,94796.62856705305
2021-07-04,43071.0,87330.90729743305
2021-07-05,39796.0,87157.76812766078
2021-07-06,34703.0,85767.62572208757
2021-07-07,43733.0,91748.18140599504
2021-07-08,45892.0,90087.39054577332
2021-07-09,43393.0,86199.96517858365
2021-07-10,42766.0,81936.52914848378
2021-07-11,41506.0,84968.52506118563
2021-07-12,37154.0,79472.13116889854
2021-07-13,32906.0,83671.18245658837
2021-07-14,38792.0,94229.99073339305
2021-07-15,41806.0,103369.19161242891
2021-07-16,38949.0,98153.73377491029
2021-07-17,38079.0,92691.9647121844
2021-07-18,41157.0,90340.75384601769
2021-07-19,38164.0,77709.39446092634
2021-07-20,30093.0,69978.29013089002
2021-07-21,42015.0,65587.43455719094
2021-07-22,41383.0,81907.15968598325
2021-07-23,35342.0,85593.5351619615
2021-07-24,39097.0,102106.33838931966
2021-07-25,39742.0,102266.67646894786
2021-07-26,39361.0,92755.14779459225
2021-07-27,29689.0,89253.00480000285
2021-07-28,43654.0,79894.66147037751
2021-07-29,43509.0,92912.76809555397
2021-07-30,44230.0,89103.30845907227
2021-07-31,41649.0,89348.36934481373
2021-08-01,41831.0,85704.6672922643
2021-08-02,40134.0,75218.40321996444
2021-08-03,30549.0,79530.98554799576
2021-08-04,42625.0,82295.2205446583
2021-08-05,42982.0,99939.07888926001
2021-08-06,44643.0,102873.69898544521
2021-08-07,38628.0,96851.67734545942
2021-08-08,39070.0,80004.2098635611
2021-08-09,35499.0,66282.43071822317
2021-08-10,28204.0,67949.50889724417
2021-08-11,38353.0,68768.67220451335
2021-08-12,41195.0,80335.08420277068
2021-08-13,40120.0,74439.66614936286
2021-08-14,38667.0,75559.34797875496
2021-08-15,36083.0,67328.68097912299
2021-08-16,32937.0,65352.056988465316
2021-08-17,25166.0,66552.44196707156
2021-08-18,35178.0,80528.55127573636
2021-08-19,36401.0,87260.64008934911
2021-08-20,36571.0,94242.34860680813
2021-08-21,34457.0,96875.49177870671
2021-08-22,30948.0,104481.72965549513
2021-08-23,25072.0,91275.37000568477
2021-08-24,25467.0,91120.9300189208
2021-08-25,37593.0,98173.02961188776
2021-08-26,46164.0,114944.69161874482
2021-08-27,44658.0,120633.41747015504
2021-08-28,46759.0,105741.2884103151
2021-08-29,45083.0,92835.37287411693
2021-08-30,42909.0,68066.47812889835
2021-08-31,30941.0,74795.81488603308
2021-09-01,41965.0,87184.16461260823
2021-09-02,47092.0,96262.878390524
2021-09-03,45352.0,87176.55211328436
2021-09-04,42618.0,68705.7158640185
2021-09-05,42766.0,69288.23307066744
2021-09-06,38948.0,62430.099503389334
2021-09-07,31222.0,65384.81568650401
2021-09-08,37875.0,64193.53107683347
2021-09-09,43263.0,72693.02807215437
2021-09-10,34973.0,79848.21593565925
2021-09-11,33376.0,74615.57552671783
2021-09-12,28591.0,71125.19768726836
2021-09-13,27254.0,68501.38525044672
2021-09-14,25404.0,72576.33301327728
2021-09-15,27176.0,78150.18173851875
2021-09-16,30570.0,74660.62206211413
2021-09-17,34403.0,69125.6474523116
2021-09-18,35662.0,59997.423255921494
2021-09-19,30773.0,57908.94315396162
2021-09-20,30256.0,55361.9106854831
2021-09-21,26115.0,44975.278907539214
2021-09-22,26964.0,47026.59148884798
2021-09-23,31923.0,50242.828959750426
2021-09-24,31382.0,56805.32877780917
2021-09-25,29616.0,49513.054313375185
2021-09-26,28326.0,41590.142751946354
2021-09-27,26041.0,39931.951058138584
2021-09-28,18795.0,39679.73815830081
2021-09-29,18870.0,41520.61608560681
2021-09-30,23529.0,38893.321944195915
2021-10-01,26727.0,38671.28318114895
2021-10-02,24354.0,42171.45525313123
2021-10-03,22842.0,42395.51360215459
2021-10-04,20799.0,36688.8326100854
2021-10-05,18346.0,31051.83080429806
2021-10-06,18833.0,31641.672722954518
2021-10-07,22431.0,32169.511372272693
2021-10-08,21257.0,32625.972380660503
2021-10-09,19740.0,29220.529443788128
2021-10-10,18166.0,31602.110236790744
2021-10-11,18132.0,32222.505308688105
2021-10-12,14313.0,34788.8955939605
2021-10-13,15823.0,36806.10421191788
2021-10-14,18987.0,34187.216329843555
2021-10-15,16862.0,37304.01923188433
2021-10-16,15981.0,36057.20308793657
2021-10-17,14146.0,36925.79778684841
2021-10-18,13596.0,30300.188330485526
2021-10-19,13058.0,28662.707650674627
2021-10-20,14623.0,29759.19459000287
2021-10-21,18454.0,30299.329742182967
2021-10-22,15786.0,29771.44559764139
2021-10-23,16326.0,27511.10509477046
2021-10-24,15906.0,26315.58521554703
2021-10-25,14306.0,23501.347340455763
2021-10-26,12428.0,23003.551652420272
2021-10-27,13451.0,23665.706155381664
2021-10-28,16156.0,28311.397253943393
2021-10-29,14348.0,25068.741337737865
2021-10-30,14313.0,25244.391786243785
2021-10-31,12830.0,23748.32476143567
2021-11-01,12514.0,23343.852902474075
2021-11-02,10423.0,22052.469227826077
2021-11-03,11903.0,21142.211772121973
2021-11-04,12885.0,23160.182968777033
2021-11-05,12729.0,22860.242649856868
2021-11-06,10929.0,20682.702983033258
2021-11-07,10853.0,22921.097922963065
2021-11-08,11451.0,22658.99884983903
2021-11-09,10126.0,24674.367190900797
2021-11-10,11466.0,24890.3234909363
2021-11-11,13091.0,24245.455955851798
2021-11-12,12516.0,22301.525316348096
2021-11-13,11850.0,20861.39726999574
2021-11-14,11271.0,19203.973950008844
2021-11-15,10229.0,18403.401740031095
2021-11-16,8865.0,16715.259826418183
2021-11-17,10197.0,17923.140969459466
2021-11-18,11919.0,20322.761992494685
2021-11-19,11106.0,20267.514654441526
2021-11-20,10302.0,20044.81632919672
2021-11-21,10488.0,18637.173505001934
2021-11-22,8488.0,16467.859760510804
2021-11-23,7579.0,17545.414058069902
2021-11-24,9283.0,18188.857077549084
2021-11-25,9119.0,20297.014047321994
2021-11-26,10549.0,19745.32632493046
2021-11-27,8318.0,17270.019585191763
2021-11-28,8774.0,17756.69730193922
2021-11-29,8309.0,16031.243559132357
2021-11-30,6990.0,16428.52013676283
2021-12-01,8954.0,17484.360263322887
2021-12-02,9765.0,18182.45468950918
2021-12-03,9216.0,17124.4642404175
2021-12-04,8603.0,13546.60018516495
2021-12-05,8895.0,13844.999797600374
2021-12-06,8306.0,12689.131831782535
2021-12-07,6822.0,14749.336344935538
2021-12-08,8439.0,13003.68341986558
2021-12-09,9419.0,16351.868157508017
2021-12-10,8503.0,15302.777501766135
2021-12-11,7992.0,16299.553451261918
2021-12-12,7774.0,13909.69647782245
2021-12-13,7350.0,12675.360234261361
2021-12-14,5784.0,12176.512983526889
2021-12-15,6984.0,14125.367862409466
2021-12-16,7974.0,14923.68171784572
2021-12-17,7447.0,15690.411253040009
2021-12-18,7145.0,14155.245506238018
2021-12-19,7081.0,13948.593969751606
2021-12-20,6563.0,13446.524677516616
2021-12-21,5326.0,13611.507075702759
2021-12-22,6317.0,16522.409189750397
2021-12-23,7495.0,25362.992937216448
2021-12-24,6650.0,37654.188708406415
2021-12-25,7189.0,49919.84169501628
2021-12-26,6987.0,61574.43387094379
2021-12-27,6531.0,73921.65650170283
2021-12-28,6358.0,94735.99988670945
2021-12-29,9195.0,131727.14671303896
2021-12-30,13154.0,197417.6834920124
2021-12-31,16764.0,252517.96781224586
2022-01-01,22775.0,326296.1681835109
2022-01-02,27553.0,337317.85647065396
2022-01-03,33750.0,398394.9382055353
2022-01-04,37379.0,431496.3306914412
2022-01-05,58097.0,535761.7316530851
2022-01-06,90928.0,629365.4417567801
2022-01-07,117100.0,739183.1972728427
2022-01-08,141986.0,787163.470144614
2022-01-09,159632.0,687476.8629515739
2022-01-10,179723.0,563917.1926932709
2022-01-11,168063.0,515533.31546416134
2022-01-12,194720.0,628779.7894679537
2022-01-13,247417.0,785725.1658428432
2022-01-14,264202.0,824115.559178358
2022-01-15,268833.0,845092.4454404364
2022-01-16,271202.0,755720.5832088204
2022-01-17,258089.0,696716.7591606203
2022-01-18,238018.0,595440.6575214689
2022-01-19,282970.0,574238.8354260678
2022-01-20,317532.0,546865.7148651504
2022-01-21,347254.0,525978.6178779575
2022-01-22,337704.0,547114.5727337872
2022-01-23,333533.0,529970.1304993888
2022-01-24,306064.0,543683.5125254238
2022-01-25,255874.0,460118.28658258024
2022-01-26,285914.0,457746.9915368587
2022-01-27,286384.0,384450.6336195879
2022-01-28,251209.0,357671.9873802229
2022-01-29,235532.0,291890.89097168256
2022-01-30,234281.0,255081.44400882372
2022-01-31,209918.0,210927.0283807896
2022-02-01,167059.0,188289.1025437843
2022-02-02,161386.0,182800.00855301064
2022-02-03,172433.0,153886.5360522138
2022-02-04,149394.0,137749.15535531298
2022-02-05,127952.0,120184.67351626979
2022-02-06,107474.0,103683.11303401434
2022-02-07,83876.0,91682.80896894583
2022-02-08,67597.0,73621.580655034
2022-02-09,71365.0,71506.0832780984
2022-02-10,67084.0,66489.98011030113
2022-02-11,58077.0,60051.71122906182
2022-02-12,50407.0,55209.32515495766
2022-02-13,44877.0,43030.814117163616
2022-02-14,34113.0,32806.47117764012
2022-02-15,27409.0,27320.76715548869
2022-02-16,30615.0,28594.364310911526
2022-02-17,30757.0,30408.27949355793
2022-02-18,25920.0,28381.815988951406
2022-02-19,22270.0,24142.704640641114
2022-02-20,19968.0,19789.290962623258
2022-02-21,16051.0,16685.10006252975
2022-02-22,13405.0,16665.565267675072
2022-02-23,15102.0,16054.613241074228
2022-02-24,14148.0,15801.125986021614
2022-02-25,13166.0,14464.267625101487
2022-02-26,11499.0,12886.69898463707
2022-02-27,10273.0,10116.364955887113
2022-02-28,8013.0,8645.761527486235
2022-03-01,6915.0,8150.82134711845
2022-03-02,7554.0,8902.131021570794
2022-03-03,6561.0,8303.68026222996
2022-03-04,6396.0,7126.8364029579925
2022-03-05,5921.0,6606.199949048968
2022-03-06,5476.0,5985.960954899268
2022-03-07,4362.0,5850.289363624847
2022-03-08,3993.0,5353.013526958811
2022-03-09,4575.0,5395.421492999587
2022-03-10,4184.0,5431.988958199917
2022-03-11,4194.0,4769.660571788717
2022-03-12,3614.0,4252.687348671933
2022-03-13,3116.0,3277.494371926447
2022-03-14,2503.0,2985.7306105860466
2022-03-15,2568.0,2924.9095495919323
2022-03-16,2876.0,3300.2019482631163
2022-03-17,2539.0,3357.415320867545
2022-03-18,2528.0,3543.43488222049
2022-03-19,2075.0,3028.561420201095
2022-03-20,1761.0,2810.32074391575
2022-03-21,1549.0,2279.866299651511
2022-03-22,1581.0,2458.6349989899186
2022-03-23,1778.0,2476.2258135758507
2022-03-24,1938.0,2717.9906055585984
2022-03-25,1685.0,2374.9175702675816
2022-03-26,1660.0,2295.261216199744
2022-03-27,1421.0,1961.1405129591467
2022-03-28,1270.0,1848.2174935335822
2022-03-29,1259.0,1926.8526328127912
2022-03-30,1233.0,1873.4794642400918
2022-03-31,1225.0,2225.3101981272534
2022-04-01,1335.0,2381.0868451262845
2022-04-02,1260.0,2409.5653375544393
2022-04-03,1096.0,2056.8656586367847
2022-04-04,913.0,1711.2209392599764
2022-04-05,795.0,1940.3481439889667
2022-04-06,1086.0,2020.873760056488
2022-04-07,1033.0,1968.744112317442
2022-04-08,1109.0,1698.7647275772076
2022-04-09,1150.0,1692.3179406375111
2022-04-10,1054.0,2348.8901762608293
2022-04-11,861.0,2430.523802485797
2022-04-12,796.0,3032.614661680301
2022-04-13,1088.0,3360.828708596772
2022-04-14,1007.0,4350.504430653423
2022-04-15,949.0,5226.065495854174
2022-04-16,975.0,5115.491417420275
2022-04-17,1150.0,5375.021388504694
2022-04-18,2183.0,4887.702500111572
2022-04-19,1247.0,5365.758371528081
2022-04-20,2067.0,5864.038463033831
2022-04-21,2380.0,6140.684225550888
2022-04-22,2451.0,6828.903309582473
2022-04-23,2527.0,6669.158587306606
2022-04-24,2593.0,7070.118188243677
2022-04-25,2541.0,6227.050137603796
2022-04-26,2483.0,6755.640130195931
2022-04-27,2927.0,6460.024514571912
2022-04-28,3303.0,6861.056271979098
2022-04-29,3377.0,6361.796109838545
2022-04-30,3688.0,6500.732623175885
2022-05-01,3324.0,6251.185711187052
2022-05-02,3157.0,5732.404069713728
2022-05-03,2568.0,5975.046590167956
2022-05-04,3205.0,5759.032914380371
2022-05-05,3275.0,5615.768141783944
2022-05-06,3545.0,5301.88683626164
2022-05-07,3805.0,5094.944315280913
2022-05-08,3451.0,5043.708912963917
2022-05-09,3207.0,4063.799803410386
2022-05-10,2288.0,3481.323368200606
2022-05-11,2897.0,3824.38427719537
2022-05-12,2827.0,4671.898975912217
2022-05-13,2841.0,5138.206309409268
2022-05-14,2858.0,4581.85400639642
2022-05-15,2487.0,4064.763922529533
2022-05-16,2202.0,3828.9217362465156
2022-05-17,1569.0,3989.6914364282748
2022-05-18,1829.0,4885.232257517394
2022-05-19,2364.0,5480.461618903199
2022-05-20,2259.0,5500.627596054812
2022-05-21,2323.0,4695.932764728765
2022-05-22,2226.0,4539.914736241193
2022-05-23,2022.0,4514.701490601078
2022-05-24,1675.0,5366.165864943865
2022-05-25,2124.0,6062.936768682891
2022-05-26,2628.0,7340.145933108271
2022-05-27,2710.0,7665.8051825916555
2022-05-28,2685.0,8790.41898777279
2022-05-29,2828.0,9987.944417913128
2022-05-30,2706.0,9616.798753038542
2022-05-31,2338.0,9488.180455561558
2022-06-01,2745.0,11284.046605490876
2022-06-02,3712.0,14795.018585465712
2022-06-03,4041.0,18964.985599669268
2022-06-04,3962.0,19661.941013410196
2022-06-05,4270.0,19147.921716469522
2022-06-06,4518.0,16636.697520917594
2022-06-07,3714.0,17334.123316874557
2022-06-08,5233.0,21779.267777731773
2022-06-09,7240.0,26643.313526967486
2022-06-10,7584.0,30371.56098966106
2022-06-11,8329.0,31447.142207292443
2022-06-12,8582.0,32643.259574549043
2022-06-13,8084.0,29354.232978570097
2022-06-14,6594.0,26966.183360820218
2022-06-15,8822.0,25607.8311066348
2022-06-16,12213.0,32764.839604255987
2022-06-17,12847.0,34278.28668391502
2022-06-18,13216.0,33376.77822489854
2022-06-19,12899.0,30058.14401569754
2022-06-20,12781.0,28472.398223265536
2022-06-21,9923.0,32122.827163508802
2022-06-22,12249.0,34598.27044383095
2022-06-23,13313.0,38576.004588011834
2022-06-24,17336.0,35826.80284249987
2022-06-25,15940.0,34731.70287878182
2022-06-26,11739.0,35113.591474634035
2022-06-27,17073.0,37655.63400489834
2022-06-28,11793.0,35787.46852251479
2022-06-29,14506.0,37185.6348454818
2022-06-30,18819.0,39073.33077343702
2022-07-01,17070.0,45025.839184941426
2022-07-02,17092.0,43852.402287293975
2022-07-03,16103.0,42238.13904322948
2022-07-04,16135.0,35870.50162771278
2022-07-05,13086.0,35406.79871117444
2022-07-06,16159.0,36471.25522636171
2022-07-07,18930.0,40804.91880057089
2022-07-08,18815.0,45265.143430062286
2022-07-09,18840.0,44194.021564986535
2022-07-10,18257.0,41668.087277534505
2022-07-11,16678.0,34606.52382700082
2022-07-12,13615.0,39815.87904678571
2022-07-13,16906.0,39340.15634193626
2022-07-14,20139.0,43951.61663150487
2022-07-15,20038.0,42716.86470144367
2022-07-16,20044.0,49083.61259308694
2022-07-17,20528.0,46563.561655891215
2022-07-18,16935.0,39772.252335977195
2022-07-19,15528.0,38580.31254590873
2022-07-20,20557.0,38125.19856299661
2022-07-21,21566.0,38638.78447296669
2022-07-22,21880.0,37325.57517061589
2022-07-23,21411.0,38901.41267098717
2022-07-24,20279.0,38645.45160867108
2022-07-25,16866.0,33702.99536379149
2022-07-26,14830.0,33379.592057315516
2022-07-27,18313.0,36572.349966153786
2022-07-28,20557.0,37627.44657832162
2022-07-29,20409.0,40790.850824035755
2022-07-30,20408.0,42569.91925642416
2022-07-31,19673.0,42062.51218172765
2022-08-01,16464.0,37789.624352900304
2022-08-02,13734.0,32468.409700740227
2022-08-03,17135.0,29971.964571095596
2022-08-04,19893.0,28895.74460684623
2022-08-05,20551.0,30560.24917911277
2022-08-06,19406.0,32071.542199018222
2022-08-07,18738.0,31725.30898233713
2022-08-08,16167.0,26978.344346703718
2022-08-09,12751.0,21664.205948420156
2022-08-10,16047.0,22380.560397608788
2022-08-11,16299.0,27017.700601288107
2022-08-12,16561.0,32995.49929212614
2022-08-13,15815.0,30615.64857427155
2022-08-14,14092.0,26639.26982269112
2022-08-15,14917.0,22079.741621847676
2022-08-16,8813.0,21514.026305152434
2022-08-17,9062.0,22670.08523685004
2022-08-18,12608.0,24856.293700264
2022-08-19,15754.0,23710.72531004131
2022-08-20,13272.0,22741.65316898309
2022-08-21,11539.0,19229.34391872557
2022-08-22,9531.0,16924.559130457088
2022-08-23,8586.0,14069.302790230895
2022-08-24,10649.0,15959.154894922243
2022-08-25,10725.0,15614.065058555838
2022-08-26,10256.0,15019.73406578732
2022-08-27,9520.0,12741.117993625716
2022-08-28,9436.0,12155.25332332663
2022-08-29,7591.0,11667.189245693226
2022-08-30,5439.0,10176.30751699049
2022-08-31,7231.0,10645.429097883678
2022-09-01,7946.0,10217.86412568598
2022-09-02,6168.0,10447.09398778283
2022-09-03,7211.0,8748.595789239189
2022-09-04,6817.0,8478.98588857928
2022-09-05,5910.0,8260.262133786635
2022-09-06,4417.0,9776.027148795332
2022-09-07,5379.0,11795.08360613938
2022-09-08,6395.0,12160.521203217068
2022-09-09,6093.0,12157.530458884643
2022-09-10,5554.0,11321.963944033812
2022-09-11,5076.0,10357.810259045365
2022-09-12,5221.0,9826.012147401461
2022-09-13,4369.0,9431.175620867434
2022-09-14,5108.0,10309.024388786294
2022-09-15,6422.0,10627.153873336514
2022-09-16,6298.0,10600.313113109081
2022-09-17,5747.0,9256.83487358043
2022-09-18,5664.0,8251.850633837652
2022-09-19,4858.0,6741.399277310919
2022-09-20,4043.0,6553.6286520846525
2022-09-21,4510.0,6634.594744909176
2022-09-22,5443.0,8106.7678711593035
2022-09-23,5383.0,8869.770845389196
2022-09-24,4912.0,8171.539259526323
2022-09-25,4777.0,6954.278620346396
2022-09-26,4129.0,5718.3703778980125
2022-09-27,3230.0,5528.977100261668
2022-09-28,3615.0,5035.835802492801
2022-09-29,4272.0,4645.435945747918
2022-09-30,3947.0,4837.653223982219
2022-10-01,3805.0,5088.993831445588
2022-10-02,3375.0,5730.854461135935
2022-10-03,3011.0,5084.312993676217
2022-10-04,1968.0,4781.2350975737645
2022-10-05,2468.0,4653.254437429334
2022-10-06,2529.0,5380.659686585589
2022-10-07,1997.0,5398.568594011337
2022-10-08,2797.0,5782.052561485941
2022-10-09,2756.0,4854.850891028408
2022-10-10,2424.0,4476.391404441754
2022-10-11,1957.0,3713.8992249687894
2022-10-12,2139.0,3770.875550613464
2022-10-13,2786.0,3785.466607899063
2022-10-14,2678.0,3790.0137980206914
2022-10-15,2430.0,3917.558189080362
2022-10-16,2401.0,3565.483496931231
2022-10-17,2060.0,2757.0896281820847
2022-10-18,1542.0,1899.4010700924075
2022-10-19,1946.0,1904.0307651259384
2022-10-20,2141.0,3235.8801957836204
2022-10-21,2119.0,3795.1506275486136
2022-10-22,2112.0,3906.593380572132
2022-10-23,1994.0,2941.7637417320875
2022-10-24,1334.0,2587.6083746745494
2022-10-25,862.0,2187.979798940875
2022-10-26,830.0,2135.2604517485943
2022-10-27,1112.0,1984.9039862881502
2022-10-28,2208.0,2075.990228914566
2022-10-29,1574.0,2057.4774884256917
2022-10-30,1604.0,2029.9219830443108
2022-10-31,1326.0,1786.7999443926753
2022-11-01,1046.0,1410.3182024561877
2022-11-02,1190.0,1361.1175701886089
2022-11-03,1321.0,1424.1707076446667
2022-11-04,1216.0,1618.7172899628758
2022-11-05,1082.0,1700.4980504627374
2022-11-06,1132.0,1469.8696039743124
2022-11-07,937.0,873.2162847041169
2022-11-08,625.0,603.7483532769655
2022-11-09,811.0,672.8511518176807
2022-11-10,1016.0,1126.822186385731
2022-11-11,842.0,1197.8174340107525
2022-11-12,833.0,1045.1519523352988
2022-11-13,734.0,888.1441433337683
2022-11-14,547.0,727.7807899587425
2022-11-15,0.0,697.2277186727141
2022-11-16,501.0,657.3115988359524
2022-11-17,635.0,668.3636197585189
2022-11-18,656.0,716.6516492396505
2022-11-19,556.0,643.8054306294198
2022-11-20,492.0,575.5540106259294
2022-11-21,406.0,458.9487072774039
2022-11-22,294.0,467.18820446366266
2022-11-23,360.0,499.6449472402414
2022-11-24,408.0,527.2358903580783
2022-11-25,347.0,499.1354056039174
2022-11-26,389.0,404.3808841120299
2022-11-27,343.0,407.566805219263
2022-11-28,291.0,311.30079411346253
2022-11-29,215.0,310.5736131460015
2022-11-30,279.0,271.5793446855127
2022-12-01,291.0,318.3382547308842
2022-12-02,275.0,372.1705666767002
2022-12-03,253.0,348.46363296413324
2022-12-04,226.0,328.4928151072548
2022-12-05,226.0,248.873566233292
2022-12-06,165.0,250.070559862815
2022-12-07,166.0,271.0397480831469
2022-12-08,241.0,281.37105170782706
2022-12-09,249.0,298.7382126009447
2022-12-10,210.0,275.21047314697404
2022-12-11,173.0,259.2162889987636
2022-12-12,159.0,207.6655534063457
2022-12-13,114.0,206.19424217594755
2022-12-14,152.0,268.514397929
2022-12-15,200.0,297.70836257892694
2022-12-16,162.0,315.60311527152356
2022-12-17,167.0,320.09559119632644
2022-12-18,176.0,380.4146743881365
2022-12-19,135.0,365.7939236007046
2022-12-20,112.0,356.2089626873053
2022-12-21,131.0,389.5921702806158
2022-12-22,185.0,441.18406806733765
2022-12-23,163.0,451.4749147044865
2022-12-24,201.0,419.54865074836994
2022-12-25,227.0,371.02317355328563
2022-12-26,196.0,320.9280275768087
2022-12-27,157.0,282.7945677789203
2022-12-28,188.0,293.7466002151868
2022-12-29,268.0,365.54856713665157
2022-12-30,243.0,375.9553344871729
2022-12-31,226.0,361.29888639207076
2023-01-01,265.0,281.15603478426175
2023-01-02,173.0,237.14414562566097
2023-01-03,134.0,246.06898624907467
2023-01-04,175.0,310.1054034652015
2023-01-05,188.0,300.79725618981814
2023-01-06,228.0,332.5743053496
2023-01-07,214.0,258.49256962507303
2023-01-08,163.0,265.0423715928802
2023-01-09,170.0,166.9879625968728
2023-01-10,121.0,195.67012867952567
2023-01-11,171.0,183.87055842366408
2023-01-12,197.0,221.40261969458163
2023-01-13,174.0,232.0525410822538
2023-01-14,179.0,245.64615562524924
2023-01-15,104.0,225.57060842542123
2023-01-16,114.0,185.53758566101806
2023-01-17,79.0,170.0521390540234
2023-01-18,138.0,192.21497873665865
2023-01-19,134.0,194.42561984894215
2023-01-20,145.0,201.03980454735188
2023-01-21,131.0,185.26444851619817
2023-01-22,140.0,172.53726048774456
2023-01-23,94.0,146.07691584431439
2023-01-24,89.0,158.57341110166308
2023-01-25,102.0,198.536187412153
2023-01-26,132.0,217.74187407196908
2023-01-27,99.0,204.0785538514931
2023-01-28,93.0,198.10283476134404
2023-01-29,109.0,178.9592346648626
2023-01-30,80.0,171.40813507018893
2023-01-31,65.0,138.9887968181084
2023-02-01,111.0,157.82136365927502
2023-02-02,128.0,173.2941879818136
2023-02-03,99.0,204.3422085701807
2023-02-04,128.0,218.33638864009197
2023-02-05,113.0,205.80652638091223
2023-02-06,91.0,173.09028032536332
2023-02-07,89.0,153.46553586821906
2023-02-08,96.0,180.47041513572356
2023-02-09,109.0,240.2092040583451
2023-02-10,114.0,238.58157842646585
2023-02-11,132.0,244.8011615547955
2023-02-12,124.0,214.39526031032537
2023-02-13,79.0,211.67968543128646
2023-02-14,77.0,209.34990985996777
2023-02-15,102.0,242.64293041779777
2023-02-16,126.0,290.5127000355371
2023-02-17,156.0,305.10250163968914
2023-02-18,117.0,323.054921135711
2023-02-19,142.0,312.583766225234
2023-02-20,120.0,287.18708359745625
2023-02-21,95.0,335.18716315405095
2023-02-22,125.0,382.7929942408921
2023-02-23,193.0,447.6685721240474
2023-02-24,169.0,408.9122481518459
2023-02-25,180.0,444.8466357856462
2023-02-26,218.0,435.35095953525183
2023-02-27,185.0,495.07311738928075
2023-02-28,169.0,545.8841717966837
2023-03-01,240.0,615.946208594465
2023-03-02,268.0,766.3610002381356
2023-03-03,283.0,858.7955320206987
2023-03-04,334.0,957.6459743223392
2023-03-05,324.0,794.4857281451672
2023-03-06,281.0,794.1372587988348
2023-03-07,266.0,788.3026620068317
2023-03-08,326.0,948.8704499972774
2023-03-09,379.0,1202.069203064629
2023-03-10,440.0,1592.1157449966142
2023-03-11,456.0,2062.2530823409447
2023-03-12,524.0,2112.6446106362782
2023-03-13,444.0,1858.6452802267947
2023-03-14,402.0,1849.2697334879174
2023-03-15,618.0,2146.7140552787373
2023-03-16,754.0,2535.928759235317
2023-03-17,796.0,2758.576802906493
2023-03-18,843.0,3041.908471786539
2023-03-19,1071.0,3240.379034899514
2023-03-20,918.0,3168.416530957502
2023-03-21,646.0,2989.3558107576177
2023-03-22,1134.0,3918.9050299283335
2023-03-23,1300.0,4680.505731994557
2023-03-24,1249.0,5284.044742796816
2023-03-25,1590.0,5946.017031534255
2023-03-26,1890.0,7170.0872255293325
2023-03-27,1805.0,7828.269321160922
2023-03-28,1573.0,7455.190492175775
2023-03-29,2151.0,7554.715985319999
2023-03-30,3016.0,9989.764241698862
2023-03-31,3094.0,11290.805491572311
2023-04-01,2995.0,11737.21589286223
2023-04-02,3824.0,11351.681939930917
2023-04-03,3641.0,11071.806901367576
2023-04-04,3038.0,13058.050778289084
2023-04-05,4435.0,14323.434190670463
2023-04-06,5335.0,18104.056012417746
2023-04-07,6050.0,20520.806226822184
2023-04-08,6155.0,20200.15254698756
2023-04-09,5357.0,19912.454652635253
2023-04-10,5880.0,17248.036583198154
2023-04-11,5676.0,19969.41589617495
2023-04-12,7830.0,22396.283851773842
2023-04-13,10158.0,27142.28074452603
2023-04-14,11109.0,27884.060253591437
2023-04-15,10753.0,25273.240509753476
2023-04-16,10093.0,20110.127562003327
2023-04-17,9111.0,16515.66537021333
2023-04-18,7633.0,16689.838308829923
2023-04-19,10542.0,18412.495249192627
2023-04-20,12591.0,17867.071138444022
2023-04-21,11692.0,15524.472340376315
2023-04-22,12193.0,12100.786814907076
2023-04-23,10112.0,11150.176960579885
2023-04-24,6904.0,8516.474087712124
2023-04-25,6934.0,7606.168735385585
2023-04-26,9629.0,6293.73265858833
2023-04-27,9355.0,7256.453264041745
2023-04-28,7533.0,6909.712945354368
2023-04-29,7171.0,6420.1524894998765
2023-04-30,5874.0,4745.911592083807
2023-05-01,4282.0,3771.2720918239916
2023-05-02,3325.0,3105.218821222285
2023-05-03,3720.0,3471.0556993826262
2023-05-04,3962.0,3412.79388603315
2023-05-05,3611.0,3036.7350875843185
2023-05-06,2961.0,2497.8042649049844
2023-05-07,2380.0,2205.237525777856
2023-05-08,1839.0,1788.389355690046
2023-05-09,1331.0,1530.998765941069
2023-05-10,2109.0,1570.6236884982236
2023-05-11,1690.0,1704.1451214076735
2023-05-12,1580.0,1635.2686025789192
2023-05-13,1223.0,1681.2778744635946
2023-05-14,1272.0,1418.8308876572376
2023-05-15,801.0,1055.3628830589162
2023-05-16,656.0,774.0763022063378
2023-05-17,1021.0,939.841496671475
2023-05-18,906.0,1007.5154386548269
2023-05-19,865.0,997.9224194503764
2023-05-20,782.0,876.6536973661151
2023-05-21,756.0,785.959770768578
2023-05-22,473.0,608.3368814037639
2023-05-23,405.0,534.1193273244912
2023-05-24,552.0,526.4008801183726
2023-05-25,535.0,535.9592149168988
2023-05-26,490.0,432.1416080022306
2023-05-27,425.0,371.553055153634
2023-05-28,403.0,310.3019790694575
2023-05-29,310.0,242.02055674374787
2023-05-30,224.0,268.31379118461854
2023-05-31,310.0,279.6030903951426
2023-06-01,288.0,323.04251471129504
2023-06-02,267.0,279.73647593926995
2023-06-03,237.0,262.4582447354107
2023-06-04,202.0,220.33664430907274
2023-06-05,174.0,170.22200074869218
2023-06-06,124.0,158.30452385776087
2023-06-07,214.0,171.1686990728973
2023-06-08,199.0,183.9719372876967
2023-06-09,169.0,188.89118358658553
2023-06-10,186.0,171.4744353146822
2023-06-11,140.0,158.81920004212864
2023-06-12,92.0,101.75666459141765
2023-06-13,80.0,104.10334886871838
2023-06-14,120.0,126.84688501762594
2023-06-15,106.0,137.67904360326133
2023-06-16,96.0,107.81882006113112
2023-06-17,108.0,99.71163444548488
2023-06-18,90.0,89.6157671863018
2023-06-19,63.0,81.32801450244975
2023-06-20,36.0,66.6066597202495
2023-06-21,92.0,69.2552873585858
2023-06-22,95.0,80.20739696055777
2023-06-23,51.0,74.79678531163079
2023-06-24,55.0,83.77884309192768
2023-06-25,80.0,75.21609416829789
2023-06-26,47.0,63.2188714282593
2023-06-27,33.0,67.94894696634246
2023-06-28,65.0,71.33102213574158
2023-06-29,47.0,90.04450321464775
2023-06-30,44.0,81.96238559789116
2023-07-01,40.0,76.45021272357069
2023-07-02,53.0,56.72178561216091
2023-07-03,44.0,39.37992689283437
2023-07-04,26.0,46.03677354638378
2023-07-05,56.0,62.720421984715706
2023-07-06,42.0,84.32956919819951
2023-07-07,45.0,85.82928832488034
2023-07-08,49.0,82.53261373510138
2023-07-09,32.0,66.75475806545676
2023-07-10,24.0,60.61790172726995
2023-07-11,20.0,57.092735549971714
2023-07-12,46.0,59.58900365075206
2023-07-13,48.0,104.5725557064647
2023-07-14,52.0,125.54057435458907
2023-07-15,54.0,127.89760017104373
2023-07-16,59.0,92.01044735651345
2023-07-17,43.0,60.30376357402249
2023-07-18,34.0,71.02914323840781
2023-07-19,49.0,68.15723967201545
2023-07-20,51.0,83.8300773864259
2023-07-21,109.0,79.8263146469534
2023-07-22,60.0,83.59720982576926
2023-07-23,40.0,76.44920625234037
2023-07-24,47.0,70.50073044347512
2023-07-25,21.0,72.70949891545841
2023-07-26,60.0,90.33279788257467
2023-07-27,42.0,99.85312600916176
2023-07-28,52.0,104.50008325024
2023-07-29,50.0,92.60465114781557
2023-07-30,52.0,90.11265355862183
2023-07-31,41.0,69.13469803050329
2023-08-01,36.0,74.51269344863273
2023-08-02,60.0,66.09632326728504
2023-08-03,77.0,79.23742639417586
2023-08-04,54.0,73.14748494157692
2023-08-05,77.0,74.43696200991715
2023-08-06,47.0,66.78808952223477
2023-08-07,54.0,51.32932338598501
2023-08-08,25.0,55.541440333565724
2023-08-09,53.0,51.370636913110594
2023-08-10,39.0,66.55286287120244
2023-08-11,47.0,78.56368413086123
2023-08-12,38.0,89.63516494315945
2023-08-13,38.0,96.85787934254749
2023-08-14,39.0,70.54227279540906
2023-08-15,22.0,75.41961027049264
2023-08-16,58.0,73.29434579478924
2023-08-17,33.0,89.0764657596215
2023-08-18,50.0,84.2623505006391
2023-08-19,72.0,77.83901252197779
2023-08-20,51.0,81.17692111836341
2023-08-21,54.0,66.54493346070068
2023-08-22,23.0,84.59898062017034
2023-08-23,56.0,85.6397887025126
2023-08-24,54.0,97.96622296553137
2023-08-25,73.0,90.09535833907954
2023-08-26,60.0,91.33869704932151
2023-08-27,44.0,89.24226989719023
2023-08-28,70.0,69.36878241581117
2023-08-29,23.0,70.31385387808159
2023-08-30,61.0,83.37599476116957
2023-08-31,50.0,95.36792620853826
2023-09-01,49.0,93.90373579828315
2023-09-02,50.0,94.56677575383507
2023-09-03,60.0,110.07979963491164
2023-09-04,46.0,102.61024768557309
2023-09-05,28.0,127.29177211956494
2023-09-06,66.0,110.6092961854535
2023-09-07,71.0,107.7422095815454
2023-09-08,46.0,91.10374922880801
2023-09-09,59.0,90.3468786852011
2023-09-10,68.0,96.57900045944905
2023-09-11,70.0,62.6205486429688
2023-09-12,40.0,59.010469274079604
2023-09-13,97.0,55.88571599022319
2023-09-14,58.0,77.95793505592552
2023-09-15,60.0,92.944108424823
2023-09-16,72.0,90.61541643711894
2023-09-17,55.0,76.87883089927168
2023-09-18,55.0,63.5633016763197
2023-09-19,26.0,59.77916883570672
2023-09-20,51.0,68.51693609896152
2023-09-21,44.0,68.33666635814471
2023-09-22,55.0,72.76841532532465
2023-09-23,70.0,75.35977883793639
2023-09-24,62.0,70.31223903457469
2023-09-25,40.0,73.09314556951058
2023-09-26,38.0,61.970438971665295
2023-09-27,47.0,189.99001806099167
2023-09-28,51.0,181.1068299512425
2023-09-29,40.0,182.274332081407
2023-09-30,41.0,57.855102410475745
2023-10-01,56.0,59.76884237424584
2023-10-02,36.0,56.16734253058919
2023-10-03,42.0,55.74817317275639
2023-10-04,38.0,50.00302434239728
2023-10-05,250.0,56.91603817789829
2023-10-06,39.0,64.07236464936459
2023-10-07,42.0,62.85920491809708
2023-10-08,43.0,58.96114490232327
2023-10-09,38.0,42.317172822975216
2023-10-10,26.0,55.612021959115225
2023-10-11,46.0,63.83127286869696
2023-10-12,35.0,72.08365882090118
2023-10-13,37.0,1100.534337460952
2023-10-14,51.0,1077.619309853638
2023-10-15,27.0,1064.5796464593548
2023-10-16,33.0,17.669900354162348
2023-10-17,21.0,45.142338260009076
2023-10-18,38.0,55.62167269791451
2023-10-19,48.0,61.779722240149425
2023-10-20,37.0,45.09407926099422
2023-10-21,1275.0,48.785914769458294
2023-10-22,12.0,45.837815570793055
2023-10-23,9.0,44.50235875351914
2023-10-24,14.0,45.846597014339835
2023-10-25,51.0,42.39933782960568
2023-10-26,24.0,37.49663852322228
2023-10-27,26.0,22.58772444434997
2023-10-28,35.0,18.78342101110523
2023-10-29,34.0,13.474187424021855
2023-10-30,23.0,10.074171092120983
2023-10-31,22.0,11.321717655996368
2023-11-01,38.0,12.590340464792556
2023-11-02,15.0,18.78577866649643
2023-11-03,19.0,17.443391058514464
2023-11-04,14.0,21.491266811914205
2023-11-05,8.0,16.596251236034227
2023-11-06,8.0,20.486492303861564
2023-11-07,5.0,16.629994816475747
2023-11-08,11.0,21.86411999589652
2023-11-09,11.0,27.6703870363033
2023-11-10,14.0,32.624128041129026
2023-11-11,6.0,35.63451582346915
2023-11-12,17.0,32.51822851840322
2023-11-13,8.0,30.013937066794583
2023-11-14,18.0,28.953328506776444
2023-11-15,10.0,34.56976739308808
2023-11-16,18.0,45.10047065277948
2023-11-17,26.0,57.65332482837865
2023-11-18,18.0,62.319778357912035
2023-11-19,21.0,54.8388331874766
2023-11-20,18.0,43.899235310662505
2023-11-21,13.0,74.30005774993727
2023-11-22,23.0,92.11025037656265
2023-11-23,26.0,113.37468654220119
2023-11-24,36.0,103.31305100142315
2023-11-25,42.0,102.61431480016738
2023-11-26,31.0,110.95499834689205
2023-11-27,21.0,108.13322032219253
2023-11-28,22.0,143.46547073126476
2023-11-29,79.0,166.21012107094555
2023-11-30,58.0,236.04791573969237
2023-12-01,71.0,266.1821644379122
2023-12-02,88.0,308.50415201538834
2023-12-03,76.0,262.9447428421627
2023-12-04,59.0,259.24521693032176
2023-12-05,83.0,304.7194673371161
2023-12-06,119.0,374.2744446994643
2023-12-07,121.0,512.8226677069785
2023-12-08,180.0,575.0470999928139
2023-12-09,148.0,663.1582766014452
2023-12-10,166.0,600.6558003090557
2023-12-11,122.0,585.037650244199
2023-12-12,164.0,747.7239388332126
2023-12-13,252.0,867.1925905672506
2023-12-14,237.0,1080.8375478553442
2023-12-15,312.0,1111.346604121927
2023-12-16,339.0,1190.6121896659859
2023-12-17,335.0,1193.720199253155
2023-12-18,260.0,1073.3065423881462
2023-12-19,288.0,1026.9119045292864
2023-12-20,614.0,1059.7380449130148
2023-12-21,594.0,1387.9305781406904
2023-12-22,640.0,1540.3025401401767
2023-12-23,752.0,1688.0454750331076
2023-12-24,656.0,1557.169238312029
2023-12-25,628.0,1336.3935766743004
2023-12-26,412.0,1147.3894584446273
2023-12-27,529.0,1150.6222241014268
2023-12-28,702.0,1460.7262015794258
2023-12-29,797.0,1577.7061782314297
2023-12-30,743.0,1537.1110503306202
2023-12-31,741.0,1272.239773140184
2024-01-01,736.0,1022.4448883511346
2024-01-02,573.0,887.2240806526228
2024-01-03,602.0,871.746105572859
2024-01-04,760.0,999.928268954431
2024-01-05,761.0,1014.8604523156954
2024-01-06,774.0,969.8718838688347
2024-01-07,756.0,695.6325243528375
2024-01-08,605.0,479.06239847034567
2024-01-09,475.0,429.63721204238965
2024-01-10,605.0,462.38056444072026
2024-01-11,514.0,551.6141353392453
2024-01-12,609.0,549.4046437749934
2024-01-13,441.0,536.4551307098915
2024-01-14,375.0,459.9580611612991
2024-01-15,272.0,409.9458421276103
2024-01-16,189.0,358.2554448287679
2024-01-17,269.0,327.57904567816007
2024-01-18,305.0,293.3155692234632
2024-01-19,355.0,296.99017150742
2024-01-20,313.0,297.09760504708396
2024-01-21,290.0,277.0794383743203
2024-01-22,203.0,241.7986090460719
2024-01-23,236.0,221.43175625093227
2024-01-24,160.0,246.0220772318048
2024-01-25,198.0,264.05540530806144
2024-01-26,187.0,252.0272147099613
2024-01-27,159.0,229.77870927839896
2024-01-28,182.0,228.53092336915827
2024-01-29,112.0,226.61991098749127
2024-01-30,124.0,261.8946511983542
2024-01-31,133.0,214.819885065991
2024-02-01,160.0,151.54813284166693
2024-02-02,187.0,149.5068107784034
2024-02-03,159.0,407.35672677274937
2024-02-04,188.0,460.42721596037
2024-02-05,122.0,427.3817467942906
2024-02-06,124.0,212.66608684091509
2024-02-07,157.0,232.79174024986716
2024-02-08,70.0,256.6466720465058
2024-02-09,0.0,252.91186235369435
2024-02-10,163.0,256.0390966513035
2024-02-11,376.0,211.41935678996916
2024-02-12,74.0,194.00332107488558
2024-02-13,123.0,202.32096059281776
2024-02-14,120.0,225.99271962898658
2024-02-15,120.0,278.374828704802
2024-02-16,166.0,282.52604091737606
2024-02-17,144.0,300.73428359893325
2024-02-18,155.0,243.80432910729306
2024-02-19,110.0,222.75004218912125
2024-02-20,105.0,211.26611193988882
2024-02-21,161.0,237.2778513036889
2024-02-22,136.0,284.86932891079783
2024-02-23,167.0,295.0833464519746
2024-02-24,155.0,342.5303917091335
2024-02-25,148.0,300.802503959404
2024-02-26,114.0,262.71159330557913
2024-02-27,125.0,298.50423780668046
2024-02-28,181.0,362.8877290254879
2024-02-29,193.0,448.6500554017548
2024-03-01,204.0,385.55786819438316
2024-03-02,182.0,300.45881236317683
2024-03-03,178.0,229.6591379790252
2024-03-04,120.0,222.2870887430764
2024-03-05,135.0,315.69827214287017
2024-03-06,217.0,378.82346546123244
2024-03-07,202.0,407.52266635171486
2024-03-08,237.0,354.0942972591859
2024-03-09,179.0,291.0624724872021
2024-03-10,112.0,223.75178465726978
2024-03-11,148.0,180.4655342594319
2024-03-12,138.0,189.68823439843007
2024-03-13,197.0,227.96645846892463
2024-03-14,199.0,233.46277990394015
2024-03-15,225.0,256.36978721707953
2024-03-16,197.0,233.62985863167333
2024-03-17,137.0,233.68900472384095
2024-03-18,129.0,143.9889528259378
2024-03-19,86.0,114.6129049283685
2024-03-20,159.0,151.9735582815216
2024-03-21,172.0,211.02733436308122
2024-03-22,131.0,235.2856560151237
2024-03-23,180.0,194.40789692099656
2024-03-24,132.0,150.22516975849126
2024-03-25,121.0,125.88878371467989
2024-03-26,57.0,134.6062718881033
2024-03-27,71.0,169.7716169965461
2024-03-28,129.0,202.9952407702131
2024-03-29,114.0,210.26780003789
2024-03-30,121.0,193.2313730126244
2024-03-31,103.0,154.44493747430244
2024-04-01,62.0,113.9815875435501
2024-04-02,83.0,97.12078079079562
2024-04-03,104.0,105.16397418821555
2024-04-04,114.0,120.2071324016401
2024-04-05,108.0,132.32238655029786
2024-04-06,123.0,144.15366667153725
2024-04-07,101.0,136.16933001010145
2024-04-08,70.0,120.19867544135337
2024-04-09,58.0,111.23244984862647
2024-04-10,71.0,103.94580711479215
2024-04-11,71.0,136.24089468072415
2024-04-12,68.0,162.71735745619242
2024-04-13,102.0,198.09261956694323
2024-04-14,78.0,173.74434713549613
2024-04-15,66.0,147.16130679795825
2024-04-16,62.0,139.4233754934573
2024-04-17,90.0,155.21006374198396
2024-04-18,72.0,186.971851705851
2024-04-19,104.0,187.1352915795726
2024-04-20,113.0,202.54138872630946
2024-04-21,117.0,160.7407857803093
2024-04-22,75.0,186.7097675049946
2024-04-23,74.0,188.37375214669987
2024-04-24,129.0,201.3660947930073
2024-04-25,112.0,211.77343399833674
2024-04-26,120.0,182.9315789939362
2024-04-27,122.0,203.03243715143074
2024-04-28,124.0,162.98499329460677
2024-04-29,78.0,170.7044277710079
2024-04-30,134.0,159.3637126568725
2024-05-01,133.0,183.6087654182471
2024-05-02,112.0,203.92079220521563
2024-05-03,137.0,208.6711856088909
2024-05-04,93.0,188.9951230658685
2024-05-05,136.0,145.58309980982426
2024-05-06,90.0,124.0939018418827
2024-05-07,82.0,126.26553118458087
2024-05-08,118.0,136.54099625385746
2024-05-09,133.0,139.60177490050296
2024-05-10,123.0,137.17577915056643
2024-05-11,98.0,152.20568101596874
2024-05-12,98.0,128.56957546917457
2024-05-13,59.0,104.23396276680369
2024-05-14,81.0,81.38872864423267
2024-05-15,103.0,100.79836041986947
2024-05-16,88.0,105.61756703326982
2024-05-17,109.0,94.88978145424312
2024-05-18,94.0,74.26889639370508
2024-05-19,88.0,62.11498240382914
2024-05-20,49.0,63.43359735227733
2024-05-21,68.0,88.43587766991357
2024-05-22,55.0,95.66316561026566
2024-05-23,53.0,90.17237262336887
2024-05-24,66.0,79.63510161869519
2024-05-25,46.0,69.72180773637486
2024-05-26,33.0,60.157641301532436
2024-05-27,37.0,43.40171448235176
2024-05-28,48.0,35.212315485011544
2024-05-29,87.0,41.569487055328814
2024-05-30,62.0,46.139820406071145
2024-05-31,39.0,46.59195895867912
2024-06-01,57.0,32.309858585457164
2024-06-02,32.0,39.629674483328245
2024-06-03,15.0,26.359220408963598
2024-06-04,29.0,26.359220408963598
2024-06-05,26.0,0.0
2024-06-06,36.0,0.0
2024-06-07,32.0,0.0
2024-06-08,26.0,0.0
2024-06-09,0.0,137.95979847866363
2024-06-10,38.0,137.95979847866366
2024-06-11,0.0,137.95979847866366
2024-06-12,0.0,0.0
2024-06-13,0.0,0.0
2024-06-14,0.0,0.0
2024-06-15,0.0,0.0
2024-06-16,0.0,222.50699642160907
2024-06-17,210.0,222.50699642160907
2024-06-18,0.0,222.50699642160907
2024-06-19,0.0,0.0
2024-06-20,0.0,0.0
2024-06-21,0.0,0.0
2024-06-22,0.0,0.0
2024-06-23,0.0,63.894920722008465
2024-06-24,334.0,63.894920722008465
2024-06-25,0.0,63.894920722008465
2024-06-26,0.0,0.0
2024-06-27,0.0,0.0
2024-06-28,0.0,0.0
2024-06-29,0.0,0.0
2024-06-30,0.0,0.0
2024-07-01,134.0,0.0
2024-07-02,0.0,0.0
2024-07-03,0.0,0.0
2024-07-04,0.0,0.0
2024-07-05,0.0,0.0
2024-07-06,0.0,0.0
2024-07-07,0.0,0.0
2024-07-08,0.0,0.0
2024-07-09,0.0,0.0
2024-07-10,0.0,247.35695074247587
2024-07-11,0.0,247.35695074247587
2024-07-12,0.0,247.35695074247587
2024-07-13,0.0,0.0
2024-07-14,0.0,169.68690129210313
2024-07-15,0.0,169.68690129210313
2024-07-16,0.0,169.68690129210313
2024-07-17,0.0,0.0
2024-07-18,440.0,0.0
2024-07-19,0.0,0.0
2024-07-20,0.0,0.0
2024-07-21,0.0,220.75220823355258
2024-07-22,243.0,220.75220823355258
2024-07-23,0.0,220.75220823355258
2024-07-24,0.0,0.0
2024-07-25,0.0,0.0
2024-07-26,0.0,0.0
2024-07-27,0.0,0.0
2024-07-28,0.0,168.54611397997036
2024-07-29,313.0,168.54611397997036
2024-07-30,0.0,168.54611397997036
2024-07-31,0.0,0.0
2024-08-01,0.0,0.0
2024-08-02,0.0,0.0
2024-08-03,0.0,0.0
2024-08-04,0.0,178.76283688472952
2024-08-05,306.0,178.76283688472952
2024-08-06,0.0,178.76283688472952
2024-08-07,0.0,0.0
2024-08-08,0.0,0.0
2024-08-09,0.0,0.0
2024-08-10,0.0,0.0
2024-08-11,0.0,135.94464852710308
2024-08-12,266.0,135.94464852710308
2024-08-13,0.0,135.94464852710308
2024-08-14,0.0,0.0
2024-08-15,0.0,0.0
2024-08-16,0.0,0.0
2024-08-17,0.0,0.0
2024-08-18,0.0,186.76410489162512
2024-08-19,200.0,186.76410489162512
2024-08-20,0.0,186.76410489162512
2024-08-21,0.0,0.0
2024-08-22,0.0,0.0
2024-08-23,0.0,0.0
2024-08-24,0.0,0.0
2024-08-25,0.0,139.39963316288024
2024-08-26,282.0,139.39963316288024
2024-08-27,0.0,139.39963316288024
2024-08-28,0.0,0.0
2024-08-29,0.0,0.0
2024-08-30,0.0,0.0
2024-08-31,0.0,0.0
2024-09-01,0.0,119.96098837756789
2024-09-02,235.0,119.96098837756789
2024-09-03,0.0,119.96098837756789
2024-09-04,0.0,0.0
2024-09-05,0.0,0.0
2024-09-06,0.0,0.0
2024-09-07,0.0,0.0
2024-09-08,0.0,121.60486237758202
2024-09-09,190.0,121.60486237758202
2024-09-10,0.0,121.60486237758202
2024-09-11,0.0,0.0
2024-09-12,0.0,0.0
2024-09-13,0.0,0.0
2024-09-14,0.0,0.0
2024-09-15,0.0,117.22563216455382
2024-09-16,188.0,117.22563216455382
2024-09-17,0.0,117.22563216455382
2024-09-18,0.0,0.0
2024-09-19,0.0,0.0
2024-09-20,0.0,0.0
2024-09-21,0.0,0.0
2024-09-22,0.0,120.26069842215865
2024-09-23,190.0,120.26069842215865
2024-09-24,0.0,120.26069842215865
2024-09-25,0.0,0.0
2024-09-26,0.0,0.0
2024-09-27,0.0,0.0
2024-09-28,0.0,0.0
2024-09-29,0.0,99.3059954268248
2024-09-30,187.0,99.3059954268248
2024-10-01,0.0,99.3059954268248
2024-10-02,0.0,0.0
2024-10-03,0.0,0.0
2024-10-04,0.0,0.0
2024-10-05,0.0,0.0
2024-10-06,0.0,72.58838283885142
2024-10-07,156.0,72.58838283885142
2024-10-08,0.0,72.58838283885142
2024-10-09,0.0,0.0
2024-10-10,0.0,0.0
2024-10-11,0.0,0.0
2024-10-12,0.0,0.0
2024-10-13,0.0,65.92326104126177
2024-10-14,133.0,65.92326104126177
2024-10-15,0.0,65.92326104126177
2024-10-16,0.0,0.0
2024-10-17,0.0,0.0
2024-10-18,0.0,0.0
2024-10-19,0.0,0.0
2024-10-20,0.0,56.73384988817079
2024-10-21,115.0,56.73384988817079
2024-10-22,0.0,56.73384988817079
2024-10-23,0.0,0.0
2024-10-24,0.0,0.0
2024-10-25,0.0,0.0
2024-10-26,0.0,0.0
2024-10-27,0.0,35.58025707290924
2024-10-28,85.0,35.58025707290924
2024-10-29,0.0,35.58025707290924
2024-10-30,0.0,0.0
2024-10-31,0.0,0.0
2024-11-01,0.0,0.0
2024-11-02,0.0,0.0
2024-11-03,0.0,36.37254486476903
2024-11-04,65.0,36.37254486476903
2024-11-05,0.0,36.37254486476903
2024-11-06,0.0,0.0
2024-11-07,0.0,0.0
2024-11-08,0.0,0.0
2024-11-09,0.0,0.0
2024-11-10,0.0,23.116949674791567
2024-11-11,62.0,23.116949674791567
2024-11-12,0.0,23.116949674791567
2024-11-13,0.0,0.0
2024-11-14,0.0,0.0
2024-11-15,0.0,0.0
2024-11-16,0.0,0.0
2024-11-17,0.0,16.87602070809979
2024-11-18,48.0,16.87602070809979
2024-11-19,0.0,16.87602070809979
2024-11-20,0.0,0.0
2024-11-21,0.0,0.0
2024-11-22,0.0,0.0
2024-11-23,0.0,0.0
2024-11-24,0.0,13.366793162826866
2024-11-25,29.0,13.366793162826866
2024-11-26,0.0,13.366793162826866
2024-11-27,0.0,0.0
2024-11-28,0.0,0.0
2024-11-29,0.0,0.0
2024-11-30,0.0,0.0
2024-12-01,0.0,4.76427905647134
2024-12-02,36.0,4.76427905647134
2024-12-03,0.0,4.76427905647134
2024-12-04,0.0,0.0
2024-12-05,0.0,0.0
2024-12-06,0.0,0.0
2024-12-07,0.0,0.0
2024-12-08,0.0,6.175688064037424
2024-12-09,11.0,6.175688064037424
2024-12-10,0.0,6.175688064037424
2024-12-11,0.0,0.0
2024-12-12,0.0,0.0
2024-12-13,0.0,0.0
2024-12-14,0.0,0.0
2024-12-15,0.0,0.0
2024-12-16,17.0,0.0
2024-12-17,0.0,0.0
2024-12-18,0.0,0.0
2024-12-19,0.0,0.0
2024-12-20,0.0,0.0
2024-12-21,0.0,0.0
2024-12-22,0.0,11.941691402820558
2024-12-23,0.0,11.941691402820558
2024-12-24,0.0,11.941691402820558
2024-12-25,0.0,0.0
2024-12-26,0.0,0.0
2024-12-27,0.0,0.0
2024-12-28,0.0,0.0
2024-12-29,0.0,3.0821065648263843
2024-12-30,24.0,3.0821065648263843
2024-12-31,0.0,3.0821065648263843
2025-01-01,0.0,0.0
2025-01-02,0.0,0.0
2025-01-03,0.0,0.0
2025-01-04,0.0,0.0
2025-01-05,0.0,3.8977051035880543
2025-01-06,6.0,3.8977051035880543
2025-01-07,0.0,3.8977051035880543
2025-01-08,0.0,0.0
2025-01-09,0.0,0.0
2025-01-10,0.0,0.0
2025-01-11,0.0,0.0
2025-01-12,0.0,6.276208620662932
2025-01-13,7.0,6.276208620662932
2025-01-14,0.0,6.276208620662932
2025-01-15,0.0,0.0
2025-01-16,0.0,0.0
2025-01-17,0.0,0.0
2025-01-18,0.0,0.0
2025-01-19,0.0,1.6701896009215307
2025-01-20,13.0,1.6701896009215307
2025-01-21,0.0,1.6701896009215307
2025-01-22,0.0,0.0
2025-01-23,0.0,0.0
2025-01-24,0.0,0.0
2025-01-25,0.0,0.0
2025-01-26,0.0,2.7248104880978095
2025-01-27,3.0,2.7248104880978095
2025-01-28,0.0,2.7248104880978095
2025-01-29,0.0,0.0
2025-01-30,0.0,0.0
2025-01-31,0.0,0.0
2025-02-01,0.0,0.0
2025-02-02,0.0,0.0
2025-02-03,5.0,0.0
2025-02-04,0.0,0.0
2025-02-05,0.0,0.0
2025-02-06,0.0,0.0
2025-02-07,0.0,0.0
2025-02-08,0.0,0.0
2025-02-09,0.0,3.9909813187743386
2025-02-10,0.0,3.9909813187743386
2025-02-11,0.0,3.9909813187743386
2025-02-12,0.0,0.0
2025-02-13,0.0,0.0
2025-02-14,0.0,0.0
2025-02-15,0.0,0.0
2025-02-16,0.0,0.0
2025-02-17,7.0,0.0
2025-02-18,0.0,0.0
2025-02-19,0.0,0.0
2025-02-20,0.0,0.0
2025-02-21,0.0,0.0
2025-02-22,0.0,0.0
2025-02-23,0.0,4.254257307219484
2025-02-24,0.0,4.254257307219484
2025-02-25,0.0,4.254257307219484
2025-02-26,0.0,0.0
2025-02-27,0.0,0.0
2025-02-28,0.0,0.0
2025-03-01,0.0,0.0
2025-03-02,0.0,3.1351003611638095
2025-03-03,7.0,3.1351003611638095
2025-03-04,0.0,3.1351003611638095
2025-03-05,0.0,0.0
2025-03-06,0.0,0.0
2025-03-07,0.0,0.0
2025-03-08,0.0,0.0
2025-03-09,0.0,2.7135594432047334
2025-03-10,7.0,2.7135594432047334
2025-03-11,0.0,2.7135594432047334
2025-03-12,0.0,0.0
2025-03-13,0.0,0.0
2025-03-14,0.0,0.0
2025-03-15,0.0,0.0
2025-03-16,0.0,0.0
2025-03-17,6.0,0.9620745402879517
2025-03-18,0.0,0.9620745402879517
2025-03-19,0.0,0.9620745402879517
2025-03-20,0.0,0.0
2025-03-21,0.0,0.0
2025-03-22,0.0,0.0
2025-03-23,0.0,3.4637486134086526
2025-03-24,0.0,3.4637486134086526
2025-03-25,2.0,3.4637486134086526
2025-03-26,0.0,0.0
2025-03-27,0.0,0.0
2025-03-28,0.0,0.0
2025-03-29,0.0,0.0
2025-03-30,0.0,3.415223458127309
2025-03-31,7.0,3.415223458127309
2025-04-01,0.0,3.415223458127309
2025-04-02,0.0,0.0
2025-04-03,0.0,0.0
2025-04-04,0.0,0.0
2025-04-05,0.0,0.0
2025-04-06,0.0,5.650145082924525
2025-04-07,8.0,5.650145082924525
2025-04-08,0.0,5.650145082924525
2025-04-09,0.0,0.0
2025-04-10,0.0,0.0
2025-04-11,0.0,0.0
2025-04-12,0.0,0.0
2025-04-13,0.0,2.3260070068668552
2025-04-14,11.0,2.3260070068668552
2025-04-15,0.0,2.3260070068668552
2025-04-16,0.0,0.0
2025-04-17,0.0,0.0
2025-04-18,0.0,0.0
2025-04-19,0.0,0.0
2025-04-20,0.0,48.80562120963921
2025-04-21,6.0,48.80562120963921
2025-04-22,0.0,48.80562120963921
2025-04-23,0.0,0.0
2025-04-24,0.0,0.0
2025-04-25,0.0,0.0
2025-04-26,0.0,0.0
2025-04-27,0.0,20.157665870512567
2025-04-28,83.0,20.157665870512567
2025-04-29,0.0,20.157665870512567
2025-04-30,0.0,0.0
2025-05-01,0.0,0.0
2025-05-02,0.0,0.0
2025-05-03,0.0,0.0
2025-05-04,0.0,66.30873460765933
2025-05-05,35.0,66.30873460765933
2025-05-06,0.0,66.30873460765933
2025-05-07,0.0,0.0
2025-05-08,0.0,0.0
2025-05-09,0.0,0.0
2025-05-10,0.0,0.0
2025-05-11,0.0,188.00865974190356
2025-05-12,100.0,188.00865974190356
2025-05-13,0.0,188.00865974190356
2025-05-14,0.0,0.0
2025-05-15,0.0,0.0
2025-05-16,0.0,0.0
2025-05-17,0.0,0.0
2025-05-18,0.0,671.2659442750047
2025-05-19,277.0,671.2659442750047
2025-05-20,0.0,671.2659442750047
2025-05-21,0.0,0.0
2025-05-22,0.0,361.39479959024237
2025-05-23,0.0,817.3137772553104
2025-05-24,0.0,2057.9718324935343
2025-05-25,0.0,1839.500413664243
2025-05-26,1064.0,1583.7832673793212
2025-05-27,0.0,690.8710909283997
2025-05-28,0.0,833.3100037541448
2025-05-29,0.0,935.6831244649946
2025-05-30,511.0,904.1694835916288
2025-05-31,685.0,804.1204849971723
2025-06-01,2765.0,697.7782239399843
2025-06-02,225.0,542.52029077671
2025-06-03,331.0,436.1222529534385
2025-06-04,578.0,343.0662424057952
2025-06-05,507.0,418.9271737693284
2025-06-06,432.0,426.49185677385157
2025-06-07,461.0,383.69160915251973
2025-06-08,358.0,259.71674866794933
2025-06-09,315.0,273.0811342260891
2025-06-10,324.0,231.69566442275232
2025-06-11,177.0,155.78701291240608
2025-06-12,200.0,86.64505596951419
2025-06-13,354.0,104.46651441243921
2025-06-14,134.0,106.59425305879131
2025-06-15,101.0,79.6581965990658
2025-06-16,178.0,46.95908157483522
2025-06-17,163.0,12.436314317557285
2025-06-18,40.0,13.575708430808467
2025-06-19,64.0,13.706810921216006
2025-06-20,51.0,23.830738128522057
2025-06-21,61.0,21.46921003277401
2025-06-22,61.0,21.628590500455775
2025-06-23,7.0,17.96511325335635
2025-06-24,8.0,21.10233535680202
2025-06-25,8.0,20.407032350516193
2025-06-26,10.0,15.071570454268228
2025-06-27,10.0,23.838321051353574
2025-06-28,29.0,27.67202578546204
2025-06-29,6.0,23.63115429057669
2025-06-30,10.0,15.76958669754483
2025-07-01,22.0,16.28039998230504
2025-07-02,13.0,25.101825531014516
2025-07-03,8.0,26.085063467696425
2025-07-04,16.0,23.737100864495147
2025-07-05,27.0,21.059815136600545
2025-07-06,15.0,16.180991014388635
2025-07-07,4.0,20.364809324672773
2025-07-08,12.0,27.543408566250747
2025-07-09,14.0,32.604451602953105
2025-07-10,27.0,29.279682621945767
2025-07-11,17.0,21.24573794583465
2025-07-12,13.0,18.466491112348123
2025-07-13,18.0,19.222930966956
2025-07-14,5.0,24.039751175864193
2025-07-15,20.0,28.457033020669773
2025-07-16,30.0,29.25894055118503
2025-07-17,22.0,24.189263192345404
2025-07-18,12.0,18.502578444053515
2025-07-19,17.0,17.515037160370465
2025-07-20,10.0,14.337677597744912
2025-07-21,14.0,14.230377709785408
2025-07-22,19.0,13.821734781790857
2025-07-23,23.0,19.873959711394477
2025-07-24,23.0,28.39877674731656
2025-07-25,13.0,28.67878807270685
2025-07-26,6.0,21.905208728049796
2025-07-27,12.0,14.917691144363255
2025-07-28,7.0,15.359348909151983
2025-07-29,8.0,12.581313573054638
2025-07-30,12.0,12.870789806958769
2025-07-31,22.0,6.784498198674925
2025-08-01,22.0,8.904107579076946
2025-08-02,13.0,3.4812412125985723
2025-08-03,5.0,3.3965204107590297
2025-08-04,8.0,5.793160124343038
2025-08-05,14.0,9.187259419302064
2025-08-06,0.0,11.302329442780254
2025-08-07,11.0,9.165395296844514
2025-08-08,4.0,6.679041621125542
2025-08-09,5.0,5.072246524553992
2025-08-10,0.0,8.270888706215667
2025-08-11,3.0,9.490750169176875
2025-08-12,9.0,9.760965092476358
2025-08-13,8.0,7.677368808879304
2025-08-14,6.0,11.728451244907594
2025-08-15,5.0,11.55067601010252
2025-08-16,2.0,8.848466598558197
2025-08-17,4.0,3.5107937499438298
2025-08-18,11.0,3.2169529004508086
2025-08-19,4.0,5.952464735229451
2025-08-20,5.0,6.04826333222259
2025-08-21,8.0,8.307289827793998
2025-08-22,13.0,9.09461184392258
2025-08-23,5.0,10.155990803199328
2025-08-24,2.0,7.207483194675787
2025-08-25,2.0,3.839606930153144
2025-08-26,3.0,2.2402601892735525
2025-08-27,7.0,1.9710625565752078
2025-08-28,2.0,1.023953535620035
2025-08-29,7.0,3.5401597027132055
2025-08-30,9.0,5.072823228151409
2025-08-31,4.0,6.6766834539942295
2025-09-01,2.0,3.761629801895578
2025-09-02,2.0,3.5124236126375195
2025-09-03,1.0,3.849373496212204
2025-09-04,2.0,4.2458194269752605
2025-09-05,0.0,4.598193994073326
2025-09-06,5.0,3.654824863629006
2025-09-07,4.0,5.499077716594819
2025-09-08,3.0,4.5991365352989595
2025-09-09,0.0,4.009673480977772
2025-09-10,4.0,2.20806654792039
2025-09-11,4.0,0.8470697752411797
2025-09-12,1.0,0.4390918505891799
2025-09-13,5.0,0.3019063218171098
2025-09-14,2.0,0.3019063218171098
2025-09-15,4.0,0.3019063218171098
2025-09-16,3.0,0.0
2025-09-17,1.0,0.0
2025-09-18,1.0,0.0
2025-09-19,0.0,0.0
2025-09-20,0.0,0.0
2025-09-21,1.0,0.0
